Name,Lastname,Address,Index number,PESEL,Gender
Mikolaj,Swiety,Lapland,999111,45454512345,Default,
Karol,Wysocki,Slowackiego 12 Krakow 31300,444444,12131412345,Male,
Mariusz,Wieclawek,ul.Kowalna 20 33-300 Nowy Sacz,401521,99021812345,Male,
Mateusz,Kolucha,Czarnowiejska 21 Krakow,234234,12121312345,Default,
Michal,Koziara,Molowa 12 Krakow 30-302,142142,12345678910,Default,
Mati,Kowal,Ulana 23 krakow,141414,15611412345,Default,
Mikolaj,Jetpak,Konopnicka 12 30-300 krakow,123599,12040090909,Male,
Michal,Kowalski,Dluga 12 Krakow,123456,31313112345,Male,
Robert,Lewandowski,ul.Czarnowiejska 1 Krakow,0,88998812345,Male,
